Nome_Regiao,Municipio
Central,Abaeté
Central,Alfredo Vasconcelos
Central,Alvinópolis
Central,Alvorada de Minas
Central,Antônio Carlos
Central,Araçaí
Central,Augusto de Lima
Central,Baldim
Central,Barão de Cocais
Central,Barbacena
Central,Barroso
Central,Bela Vista de Minas
Central,Belo Horizonte
Central,Belo Vale
Central,Betim
Central,Biquinhas
Central,Bom Jesus do Amparo
Central,Bonfim
Central,Brumadinho
Central,Buenópolis
Central,Cachoeira da Prata
Central,Caetanópolis
Central,Caeté
Central,Capela Nova
Central,Capim Branco
Central,Caranaíba
Central,Carandaí
Central,Casa Grande
Central,Catas Altas
Central,Catas Altas da Noruega
Central,Cedro do Abaeté
Central,Conceição da Barra de Minas
Central,Conceição do Mato Dentro
Central,Confins
Central,Congonhas
Central,Congonhas do Norte
Central,Conselheiro Lafaiete
Central,Contagem
Central,Cordisburgo
Central,Corinto
Central,Coronel Xavier Chaves
Central,Couto de Magalhães de Minas
Central,Cristiano Otôni
Central,Crucilândia
Central,Curvelo
Central,Datas
Central,Desterro de Entre-Rios
Central,Desterro do Melo
Central,Diamantina
Central,Dionísio
Central,Dom Joaquim
Central,Dores de Campos
Central,Entre-Rios de Minas
Central,Esmeraldas
Central,Felício dos Santos
Central,Felixlândia
Central,Ferros
Central,Florestal
Central,Fortuna de Minas
Central,Funilândia
Central,Gouveia
Central,Ibertioga
Central,Ibirité
Central,Igarapé
Central,Inhaúma
Central,Inimutaba
Central,Itabira
Central,Itabirito
Central,Itaguara
Central,Itambé do Mato Dentro
Central,Itatiaiuçu
Central,Itaverava
Central,Jabuticatubas
Central,Jeceaba
Central,Jequitibá
Central,João Monlevade
Central,Joaquim Felício
Central,Juatuba
Central,Lagoa Dourada
Central,Lagoa Santa
Central,Madre de Deus de Minas
Central,Maravilhas
Central,Mariana
Central,Mário Campos
Central,Mateus Leme
Central,Matozinhos
Central,Moeda
Central,Monjolos
Central,Morada Nova de Minas
Central,Morro da Garça
Central,Morro do Pilar
Central,Nazareno
Central,Nova Era
Central,Nova Lima
Central,Nova União
Central,Onça de Pitangui
Central,Ouro Branco
Central,Ouro Preto
Central,Paineiras
Central,Papagaios
Central,Pará de Minas
Central,Paraopeba
Central,Passabém
Central,Pedro Leopoldo
Central,Pequi
Central,Piedade do Rio Grande
Central,Piedade dos Gerais
Central,Pitangui
Central,Pompéu
Central,Prados
Central,Presidente Juscelino
Central,Presidente Kubitschek
Central,Prudente de Morais
Central,Queluzito
Central,Raposos
Central,Resende Costa
Central,Ressaquinha
Central,Ribeirão das Neves
Central,Rio Acima
Central,Rio Manso
Central,Rio Piracicaba
Central,Rio Vermelho
Central,Ritápolis
Central,Sabará
Central,Santa Bárbara
Central,Santa Bárbara do Tugúrio
Central,Santa Cruz de Minas
Central,Santa Luzia
Central,Santa Maria de Itabira
Central,Santana de Pirapama
Central,Santana do Garambéu
Central,Santana do Riacho
Central,Santana dos Montes
Central,Santo Antônio do Itambé
Central,Santo Antônio do Rio Abaixo
Central,Santo Hipólito
Central,São Brás do Suaçuí
Central,São Domingos do Prata
Central,São Gonçalo do Rio Abaixo
Central,São Gonçalo do Rio Preto
Central,São João del-Rei
Central,São Joaquim de Bicas
Central,São José da Lapa
Central,São José da Varginha
Central,São José do Goiabal
Central,São Sebastião do Rio Preto
Central,São Tiago
Central,Sarzedo
Central,Senador Modestino Gonçalves
Central,Senhora dos Remédios
Central,Serra Azul de Minas
Central,Serro
Central,Sete Lagoas
Central,Taquaraçu de Minas
Central,Tiradentes
Central,Três Marias
Central,Vespasiano
Mata,Abre-Campo
Mata,Acaiaca
Mata,Além Paraíba
Mata,Alto Caparaó
Mata,Alto Jequitibá
Mata,Alto Rio Doce
Mata,Amparo da Serra
Mata,Antônio Prado de Minas
Mata,Aracitaba
Mata,Araponga
Mata,Argirita
Mata,Astolfo Dutra
Mata,Barão do Monte Alto
Mata,Barra Longa
Mata,Belmiro Braga
Mata,Bias Fortes
Mata,Bicas
Mata,Brás Pires
Mata,Caiana
Mata,Cajuri
Mata,Canaã
Mata,Caparaó
Mata,Caputira
Mata,Carangola
Mata,Cataguases
Mata,Chácara
Mata,Chalé
Mata,Chiador
Mata,Cipotânea
Mata,Coimbra
Mata,Coronel Pacheco
Mata,Descoberto
Mata,Diogo de Vasconcelos
Mata,Divinésia
Mata,Divino
Mata,Dom Silvério
Mata,Dona Eusébia
Mata,Dores do Turvo
Mata,Durandé
Mata,Ervália
Mata,Espera Feliz
Mata,Estrela-d'Alva
Mata,Eugenópolis
Mata,Ewbank da Câmara
Mata,Faria Lemos
Mata,Fervedouro
Mata,Goianá
Mata,Guaraciaba
Mata,Guarani
Mata,Guarará
Mata,Guidoval
Mata,Guiricema
Mata,Itamarati de Minas
Mata,Jequeri
Mata,Juiz de Fora
Mata,Lajinha
Mata,Lamim
Mata,Laranjal
Mata,Leopoldina
Mata,Lima Duarte
Mata,Luisburgo
Mata,Manhuaçu
Mata,Manhumirim
Mata,Mar de Espanha
Mata,Maripá de Minas
Mata,Martins Soares
Mata,Matias Barbosa
Mata,Matipó
Mata,Mercês
Mata,Miradouro
Mata,Miraí
Mata,Muriaé
Mata,Olaria
Mata,Oliveira Fortes
Mata,Oratórios
Mata,Orizânia
Mata,Paiva
Mata,Palma
Mata,Patrocínio do Muriaé
Mata,Paula Cândido
Mata,Pedra Bonita
Mata,Pedra do Anta
Mata,Pedra Dourada
Mata,Pedro Teixeira
Mata,Pequeri
Mata,Piau
Mata,Piedade de Ponte Nova
Mata,Piranga
Mata,Pirapetinga
Mata,Piraúba
Mata,Ponte Nova
Mata,Porto Firme
Mata,Presidente Bernardes
Mata,Raul Soares
Mata,Recreio
Mata,Reduto
Mata,Rio Casca
Mata,Rio Doce
Mata,Rio Espera
Mata,Rio Novo
Mata,Rio Pomba
Mata,Rio Preto
Mata,Rochedo de Minas
Mata,Rodeiro
Mata,Rosário da Limeira
Mata,Santa Bárbara do Monte Verde
Mata,Santa Cruz do Escalvado
Mata,Santa Margarida
Mata,Santa Rita do Ibitipoca
Mata,Santa Rita do Jacutinga
Mata,Santana de Cataguases
Mata,Santana do Deserto
Mata,Santana do Manhuaçu
Mata,Santo Antônio do Aventureiro
Mata,Santo Antônio do Grama
Mata,Santos Dumont
Mata,São Francisco do Glória
Mata,São Geraldo
Mata,São João do Manhuaçu
Mata,São João Nepomuceno
Mata,São José do Mantimento
Mata,São Miguel do Anta
Mata,São Pedro dos Ferros
Mata,São Sebastião da Vargem Alegre
Mata,Sem-Peixe
Mata,Senador Cortes
Mata,Senador Firmino
Mata,Senhora de Oliveira
Mata,Sericita
Mata,Silveirânia
Mata,Simão Pereira
Mata,Simonésia
Mata,Tabuleiro
Mata,Teixeiras
Mata,Tocantins
Mata,Tombos
Mata,Ubá
Mata,Urucânia
Mata,Vermelho Novo
Mata,Viçosa
Mata,Vieiras
Mata,Visconde do Rio Branco
Mata,Volta Grande
Sul de Minas,Aiuruoca
Sul de Minas,Alagoa
Sul de Minas,Albertina
Sul de Minas,Alfenas
Sul de Minas,Alpinópolis
Sul de Minas,Alterosa
Sul de Minas,Andradas
Sul de Minas,Andrelândia
Sul de Minas,Arantina
Sul de Minas,Arceburgo
Sul de Minas,Areado
Sul de Minas,Baependi
Sul de Minas,Bandeira do Sul
Sul de Minas,Boa Esperança
Sul de Minas,Bocaina de Minas
Sul de Minas,Bom Jardim de Minas
Sul de Minas,Bom Jesus da Penha
Sul de Minas,Bom Repouso
Sul de Minas,Borda da Mata
Sul de Minas,Botelhos
Sul de Minas,Brasópolis
Sul de Minas,Bueno Brandão
Sul de Minas,Cabo Verde
Sul de Minas,Cachoeira de Minas
Sul de Minas,Caldas
Sul de Minas,Camanducaia
Sul de Minas,Cambuí
Sul de Minas,Cambuquira
Sul de Minas,Campanha
Sul de Minas,Campestre
Sul de Minas,Campo do Meio
Sul de Minas,Campos Gerais
Sul de Minas,Capetinga
Sul de Minas,Capitólio
Sul de Minas,Careaçu
Sul de Minas,Carmo da Cachoeira
Sul de Minas,Carmo de Minas
Sul de Minas,Carmo do Rio Claro
Sul de Minas,Carrancas
Sul de Minas,Carvalhópolis
Sul de Minas,Carvalhos
Sul de Minas,Cássia
Sul de Minas,Caxambu
Sul de Minas,Claraval
Sul de Minas,Conceição da Aparecida
Sul de Minas,Conceição das Pedras
Sul de Minas,Conceição do Rio Verde
Sul de Minas,Conceição dos Ouros
Sul de Minas,Congonhal
Sul de Minas,Consolação
Sul de Minas,Coqueiral
Sul de Minas,Cordislândia
Sul de Minas,Córrego do Bom Jesus
Sul de Minas,Cristina
Sul de Minas,Cruzília
Sul de Minas,Delfim Moreira
Sul de Minas,Delfinópolis
Sul de Minas,Divisa Nova
Sul de Minas,Dom Viçoso
Sul de Minas,Elói Mendes
Sul de Minas,Espírito Santo do Dourado
Sul de Minas,Estiva
Sul de Minas,Extrema
Sul de Minas,Fama
Sul de Minas,Fortaleza de Minas
Sul de Minas,Gonçalves
Sul de Minas,Guapé
Sul de Minas,Guaranésia
Sul de Minas,Guaxupé
Sul de Minas,Heliodora
Sul de Minas,Ibiraci
Sul de Minas,Ibitiúra de Minas
Sul de Minas,Ijaci
Sul de Minas,Ilicínea
Sul de Minas,Inconfidentes
Sul de Minas,Ingaí
Sul de Minas,Ipuiúna
Sul de Minas,Itajubá
Sul de Minas,Itamoji
Sul de Minas,Itamonte
Sul de Minas,Itanhandu
Sul de Minas,Itapeva
Sul de Minas,Itaú de Minas
Sul de Minas,Itumirim
Sul de Minas,Itutinga
Sul de Minas,Jacuí
Sul de Minas,Jacutinga
Sul de Minas,Jesuânia
Sul de Minas,Juruaia
Sul de Minas,Lambari
Sul de Minas,Lavras
Sul de Minas,Liberdade
Sul de Minas,Luminárias
Sul de Minas,Machado
Sul de Minas,Maria da Fé
Sul de Minas,Marmelópolis
Sul de Minas,Minduri
Sul de Minas,Monsenhor Paulo
Sul de Minas,Monte Belo
Sul de Minas,Monte Santo de Minas
Sul de Minas,Monte Sião
Sul de Minas,Munhoz
Sul de Minas,Muzambinho
Sul de Minas,Natércia
Sul de Minas,Nepomuceno
Sul de Minas,Nova Resende
Sul de Minas,Olímpio Noronha
Sul de Minas,Ouro Fino
Sul de Minas,Paraguaçu
Sul de Minas,Paraisópolis
Sul de Minas,Passa-Quatro
Sul de Minas,Passa-Vinte
Sul de Minas,Passos
Sul de Minas,Pedralva
Sul de Minas,Piranguçu
Sul de Minas,Piranguinho
Sul de Minas,Poço Fundo
Sul de Minas,Poços de Caldas
Sul de Minas,Pouso Alegre
Sul de Minas,Pouso Alto
Sul de Minas,Pratápolis
Sul de Minas,Ribeirão Vermelho
Sul de Minas,Santa Rita de Caldas
Sul de Minas,Santa Rita do Sapucaí
Sul de Minas,Santana da Vargem
Sul de Minas,São Bento Abade
Sul de Minas,São Gonçalo do Sapucaí
Sul de Minas,São João Batista do Glória
Sul de Minas,São João da Mata
Sul de Minas,São José da Barra
Sul de Minas,São José do Alegre
Sul de Minas,São Lourenço
Sul de Minas,São Pedro da União
Sul de Minas,São Sebastião da Bela Vista
Sul de Minas,São Sebastião do Paraíso
Sul de Minas,São Sebastião do Rio Verde
Sul de Minas,São Tomás de Aquino
Sul de Minas,São Tomé das Letras
Sul de Minas,São Vicente de Minas
Sul de Minas,Sapucaí-Mirim
Sul de Minas,Senador Amaral
Sul de Minas,Senador José Bento
Sul de Minas,Seritinga
Sul de Minas,Serrania
Sul de Minas,Serranos
Sul de Minas,Silvianópolis
Sul de Minas,Soledade de Minas
Sul de Minas,Tocos do Moji
Sul de Minas,Toledo
Sul de Minas,Três Corações
Sul de Minas,Três Pontas
Sul de Minas,Turvolândia
Sul de Minas,Varginha
Sul de Minas,Venceslau Brás
Sul de Minas,Virgínia
Triângulo,Água Comprida
Triângulo,Araguari
Triângulo,Araporã
Triângulo,Cachoeira Dourada
Triângulo,Campina Verde
Triângulo,Campo Florido
Triângulo,Canápolis
Triângulo,Capinópolis
Triângulo,Carneirinho
Triângulo,Cascalho Rico
Triângulo,Centralina
Triângulo,Comendador Gomes
Triângulo,Conceição das Alagoas
Triângulo,Conquista
Triângulo,Delta
Triângulo,Fronteira
Triângulo,Frutal
Triângulo,Gurinhatã
Triângulo,Indianópolis
Triângulo,Ipiaçu
Triângulo,Itapajipe
Triângulo,Ituiutaba
Triângulo,Iturama
Triângulo,Limeira do Oeste
Triângulo,Monte Alegre de Minas
Triângulo,Pirajuba
Triângulo,Planura
Triângulo,Prata
Triângulo,Santa Vitória
Triângulo,São Francisco de Sales
Triângulo,Tupaciguara
Triângulo,Uberaba
Triângulo,Uberlândia
Triângulo,União de Minas
Triângulo,Veríssimo
Alto Paranaíba,Abadia dos Dourados
Alto Paranaíba,Arapuá
Alto Paranaíba,Araxá
Alto Paranaíba,Campos Altos
Alto Paranaíba,Carmo do Paranaíba
Alto Paranaíba,Coromandel
Alto Paranaíba,Cruzeiro da Fortaleza
Alto Paranaíba,Douradoquara
Alto Paranaíba,Estrela do Sul
Alto Paranaíba,Grupiara
Alto Paranaíba,Guimarânia
Alto Paranaíba,Ibiá
Alto Paranaíba,Iraí de Minas
Alto Paranaíba,Lagoa Formosa
Alto Paranaíba,Matutina
Alto Paranaíba,Monte Carmelo
Alto Paranaíba,Nova Ponte
Alto Paranaíba,Patos de Minas
Alto Paranaíba,Patrocínio
Alto Paranaíba,Pedrinópolis
Alto Paranaíba,Perdizes
Alto Paranaíba,Pratinha
Alto Paranaíba,Rio Paranaíba
Alto Paranaíba,Romaria
Alto Paranaíba,Sacramento
Alto Paranaíba,Santa Juliana
Alto Paranaíba,Santa Rosa da Serra
Alto Paranaíba,São Gotardo
Alto Paranaíba,Serra do Salitre
Alto Paranaíba,Tapira
Alto Paranaíba,Tiros
Centro-Oeste,Aguanil
Centro-Oeste,Araújos
Centro-Oeste,Arcos
Centro-Oeste,Bambuí
Centro-Oeste,Bom Despacho
Centro-Oeste,Bom Sucesso
Centro-Oeste,Camacho
Centro-Oeste,Campo Belo
Centro-Oeste,Cana Verde
Centro-Oeste,Candeias
Centro-Oeste,Carmo da Mata
Centro-Oeste,Carmo do Cajuru
Centro-Oeste,Carmópolis de Minas
Centro-Oeste,Cláudio
Centro-Oeste,Conceição do Pará
Centro-Oeste,Córrego Danta
Centro-Oeste,Córrego Fundo
Centro-Oeste,Cristais
Centro-Oeste,Divinópolis
Centro-Oeste,Dores do Indaiá
Centro-Oeste,Doresópolis
Centro-Oeste,Estrela do Indaiá
Centro-Oeste,Formiga
Centro-Oeste,Ibituruna
Centro-Oeste,Igaratinga
Centro-Oeste,Iguatama
Centro-Oeste,Itapecerica
Centro-Oeste,Itaúna
Centro-Oeste,Japaraíba
Centro-Oeste,Lagoa da Prata
Centro-Oeste,Leandro Ferreira
Centro-Oeste,Luz
Centro-Oeste,Martinho Campos
Centro-Oeste,Medeiros
Centro-Oeste,Moema
Centro-Oeste,Nova Serrana
Centro-Oeste,Oliveira
Centro-Oeste,Pains
Centro-Oeste,Passa-Tempo
Centro-Oeste,Pedra do Indaiá
Centro-Oeste,Perdigão
Centro-Oeste,Perdões
Centro-Oeste,Pimenta
Centro-Oeste,Piracema
Centro-Oeste,Pium-í
Centro-Oeste,Quartel Geral
Centro-Oeste,Santana do Jacaré
Centro-Oeste,Santo Antônio do Amparo
Centro-Oeste,Santo Antônio do Monte
Centro-Oeste,São Francisco de Paula
Centro-Oeste,São Gonçalo do Pará
Centro-Oeste,São Roque de Minas
Centro-Oeste,São Sebastião do Oeste
Centro-Oeste,Serra da Saudade
Centro-Oeste,Tapiraí
Centro-Oeste,Vargem Bonita
Noroeste,Arinos
Noroeste,Bonfinópolis de Minas
Noroeste,Buritis
Noroeste,Cabeceira Grande
Noroeste,Dom Bosco
Noroeste,Formoso
Noroeste,Guarda-Mor
Noroeste,João Pinheiro
Noroeste,Lagamar
Noroeste,Lagoa Grande
Noroeste,Natalândia
Noroeste,Paracatu
Noroeste,Presidente Olegário
Noroeste,São Gonçalo do Abaeté
Noroeste,Unaí
Noroeste,Uruana de Minas
Noroeste,Varjão de Minas
Noroeste,Vazante
Norte,Águas Vermelhas
Norte,Berizal
Norte,Bocaiúva
Norte,Bonito de Minas
Norte,Botumirim
Norte,Brasilândia de Minas
Norte,Brasília de Minas
Norte,Buritizeiro
Norte,Campo Azul
Norte,Capitão Enéias
Norte,Catuti
Norte,Chapada Gaúcha
Norte,Claro dos Poções
Norte,Cônego Marinho
Norte,Coração de Jesus
Norte,Cristália
Norte,Curral de Dentro
Norte,Divisa Alegre
Norte,Engenheiro Navarro
Norte,Espinosa
Norte,Francisco Dumont
Norte,Francisco Sá
Norte,Fruta de Leite
Norte,Gameleiras
Norte,Glaucilândia
Norte,Grão-Mogol
Norte,Guaraciama
Norte,Ibiaí
Norte,Ibiracatu
Norte,Icaraí de Minas
Norte,Indaiabira
Norte,Itacambira
Norte,Itacarambi
Norte,Jaíba
Norte,Janaúba
Norte,Januária
Norte,Japonvar
Norte,Jequitaí
Norte,Josenópolis
Norte,Juramento
Norte,Juvenília
Norte,Lagoa dos Patos
Norte,Lassance
Norte,Lontra
Norte,Luislândia
Norte,Mamonas
Norte,Manga
Norte,Matias Cardoso
Norte,Mato Verde
Norte,Mirabela
Norte,Miravânia
Norte,Montalvânia
Norte,Monte Azul
Norte,Montes Claros
Norte,Montezuma
Norte,Ninheira
Norte,Nova Porteirinha
Norte,Novorizonte
Norte,Olhos-d'Água
Norte,Padre Carvalho
Norte,Pai Pedro
Norte,Patis
Norte,Pedras de Maria da Cruz
Norte,Pintópolis
Norte,Pirapora
Norte,Ponto Chique
Norte,Porteirinha
Norte,Riachinho
Norte,Riacho dos Machados
Norte,Rio Pardo de Minas
Norte,Rubelita
Norte,Salinas
Norte,Santa Cruz de Salinas
Norte,Santa Fé de Minas
Norte,Santo Antônio do Retiro
Norte,São Francisco
Norte,São João da Lagoa
Norte,São João da Ponte
Norte,São João das Missões
Norte,São João do Pacuí
Norte,São João do Paraíso
Norte,São Romão
Norte,Serranópolis de Minas
Norte,Taiobeiras
Norte,Ubaí
Norte,Urucuia
Norte,Vargem Grande do Rio Pardo
Norte,Várzea da Palma
Norte,Varzelândia
Norte,Verdelândia
Jequitinhonha-Mucuri,Águas Formosas
Jequitinhonha-Mucuri,Almenara
Jequitinhonha-Mucuri,Angelândia
Jequitinhonha-Mucuri,Araçuaí
Jequitinhonha-Mucuri,Aricanduva
Jequitinhonha-Mucuri,Ataléia
Jequitinhonha-Mucuri,Bandeira
Jequitinhonha-Mucuri,Berilo
Jequitinhonha-Mucuri,Bertópolis
Jequitinhonha-Mucuri,Cachoeira de Pajeú
Jequitinhonha-Mucuri,Capelinha
Jequitinhonha-Mucuri,Caraí
Jequitinhonha-Mucuri,Carbonita
Jequitinhonha-Mucuri,Carlos Chagas
Jequitinhonha-Mucuri,Catuji
Jequitinhonha-Mucuri,Chapada do Norte
Jequitinhonha-Mucuri,Comercinho
Jequitinhonha-Mucuri,Coronel Murta
Jequitinhonha-Mucuri,Crisólita
Jequitinhonha-Mucuri,Divisópolis
Jequitinhonha-Mucuri,Felisburgo
Jequitinhonha-Mucuri,Francisco Badaró
Jequitinhonha-Mucuri,Franciscópolis
Jequitinhonha-Mucuri,Frei Gaspar
Jequitinhonha-Mucuri,Fronteira dos Vales
Jequitinhonha-Mucuri,Itaipé
Jequitinhonha-Mucuri,Itamarandiba
Jequitinhonha-Mucuri,Itaobim
Jequitinhonha-Mucuri,Itinga
Jequitinhonha-Mucuri,Jacinto
Jequitinhonha-Mucuri,Jenipapo de Minas
Jequitinhonha-Mucuri,Jequitinhonha
Jequitinhonha-Mucuri,Joaíma
Jequitinhonha-Mucuri,Jordânia
Jequitinhonha-Mucuri,José Gonçalves de Minas
Jequitinhonha-Mucuri,Ladainha
Jequitinhonha-Mucuri,Leme do Prado
Jequitinhonha-Mucuri,Malacacheta
Jequitinhonha-Mucuri,Mata Verde
Jequitinhonha-Mucuri,Maxacalis
Jequitinhonha-Mucuri,Medina
Jequitinhonha-Mucuri,Minas Novas
Jequitinhonha-Mucuri,Monte Formoso
Jequitinhonha-Mucuri,Nanuque
Jequitinhonha-Mucuri,Novo Cruzeiro
Jequitinhonha-Mucuri,Novo Oriente de Minas
Jequitinhonha-Mucuri,Ouro Verde de Minas
Jequitinhonha-Mucuri,Padre Paraíso
Jequitinhonha-Mucuri,Palmópolis
Jequitinhonha-Mucuri,Pavão
Jequitinhonha-Mucuri,Pedra Azul
Jequitinhonha-Mucuri,Ponto dos Volantes
Jequitinhonha-Mucuri,Poté
Jequitinhonha-Mucuri,Rio do Prado
Jequitinhonha-Mucuri,Rubim
Jequitinhonha-Mucuri,Salto da Divisa
Jequitinhonha-Mucuri,Santa Helena de Minas
Jequitinhonha-Mucuri,Santa Maria do Salto
Jequitinhonha-Mucuri,Santo Antônio do Jacinto
Jequitinhonha-Mucuri,Serra dos Aimorés
Jequitinhonha-Mucuri,Setubinha
Jequitinhonha-Mucuri,Teófilo Otôni
Jequitinhonha-Mucuri,Turmalina
Jequitinhonha-Mucuri,Umburatiba
Jequitinhonha-Mucuri,Veredinha
Jequitinhonha-Mucuri,Virgem da Lapa
Rio Doce,Açucena
Rio Doce,Água Boa
Rio Doce,Aimorés
Rio Doce,Alpercata
Rio Doce,Alvarenga
Rio Doce,Antônio Dias
Rio Doce,Belo Oriente
Rio Doce,Bom Jesus do Galho
Rio Doce,Braúnas
Rio Doce,Bugre
Rio Doce,Campanário
Rio Doce,Cantagalo
Rio Doce,Capitão Andrade
Rio Doce,Caratinga
Rio Doce,Carmésia
Rio Doce,Central de Minas
Rio Doce,Coluna
Rio Doce,Conceição de Ipanema
Rio Doce,Conselheiro Pena
Rio Doce,Coroaci
Rio Doce,Coronel Fabriciano
Rio Doce,Córrego Novo
Rio Doce,Cuparaque
Rio Doce,Divino das Laranjeiras
Rio Doce,Divinolândia de Minas
Rio Doce,Dom Cavati
Rio Doce,Dores de Guanhães
Rio Doce,Engenheiro Caldas
Rio Doce,Entre-Folhas
Rio Doce,Fernandes Tourinho
Rio Doce,Frei Inocêncio
Rio Doce,Frei Lagonegro
Rio Doce,Galiléia
Rio Doce,Goiabeira
Rio Doce,Gonzaga
Rio Doce,Governador Valadares
Rio Doce,Guanhães
Rio Doce,Iapu
Rio Doce,Imbé de Minas
Rio Doce,Inhapim
Rio Doce,Ipaba
Rio Doce,Ipanema
Rio Doce,Ipatinga
Rio Doce,Itabirinha de Mantena
Rio Doce,Itambacuri
Rio Doce,Itanhomi
Rio Doce,Itueta
Rio Doce,Jaguaraçu
Rio Doce,Jampruca
Rio Doce,Joanésia
Rio Doce,José Raydan
Rio Doce,Mantena
Rio Doce,Marilac
Rio Doce,Marliéria
Rio Doce,Materlândia
Rio Doce,Matias Lobato
Rio Doce,Mendes Pimentel
Rio Doce,Mesquita
Rio Doce,Mutum
Rio Doce,Nacip Raydan
Rio Doce,Naque
Rio Doce,Nova Belém
Rio Doce,Nova Módica
Rio Doce,Paulistas
Rio Doce,Peçanha
Rio Doce,Periquito
Rio Doce,Pescador
Rio Doce,Piedade de Caratinga
Rio Doce,Pingo-d'Água
Rio Doce,Pocrane
Rio Doce,Resplendor
Rio Doce,Sabinópolis
Rio Doce,Santa Bárbara do Leste
Rio Doce,Santa Efigênia de Minas
Rio Doce,Santa Maria do Suaçuí
Rio Doce,Santa Rita de Minas
Rio Doce,Santa Rita do Itueto
Rio Doce,Santana do Paraíso
Rio Doce,São Domingos das Dores
Rio Doce,São Félix de Minas
Rio Doce,São Geraldo da Piedade
Rio Doce,São Geraldo do Baixio
Rio Doce,São João do Manteninha
Rio Doce,São João do Oriente
Rio Doce,São João Evangelista
Rio Doce,São José da Safira
Rio Doce,São José do Divino
Rio Doce,São José do Jacuri
Rio Doce,São Pedro do Suaçuí
Rio Doce,São Sebastião do Anta
Rio Doce,São Sebastião do Maranhão
Rio Doce,Sardoá
Rio Doce,Senhora do Porto
Rio Doce,Sobrália
Rio Doce,Taparuba
Rio Doce,Tarumirim
Rio Doce,Timóteo
Rio Doce,Tumiritinga
Rio Doce,Ubaporanga
Rio Doce,Vargem Alegre
Rio Doce,Virginópolis
Rio Doce,Virgolândia
